time,val_1,val_2

1,17.80,17.70

2,17.80,17.73

3,17.80,17.71

4,17.80,17.73

5,17.80,17.74

6,17.80,17.74

7,17.80,17.74

8,17.80,17.74

9,17.90,17.75

10,17.90,17.79

11,17.90,17.78

12,17.90,17.75

13,17.90,17.78

14,17.90,17.78

15,17.90,17.80

16,17.90,17.80

17,17.90,17.80

18,17.90,17.81

19,17.90,17.80

20,17.90,17.78

21,17.90,17.79

22,17.90,17.83

23,17.90,17.82

24,17.90,17.82

25,17.90,17.80

26,17.90,17.83

27,17.90,17.83

28,17.90,17.83

29,17.90,17.82

30,17.90,17.82

31,17.90,17.81

32,17.90,17.81

33,17.90,17.82

34,17.90,17.83

35,17.90,17.83

36,17.90,17.82

37,17.90,17.84

38,17.90,17.85

39,17.90,17.86

40,17.90,17.86

41,17.90,17.85

42,17.90,17.83

43,17.90,17.83

44,17.90,17.83

45,17.90,17.82

46,17.90,17.83

47,17.90,17.82

48,17.90,17.81

49,17.90,17.79

50,17.90,17.79

51,17.90,17.77

52,17.90,17.78

53,17.90,17.76

54,17.90,17.77

55,17.90,17.80

56,17.90,17.78

57,17.90,17.78

58,17.90,17.78

59,18.00,17.79

60,18.00,17.79

61,18.00,17.82

62,18.00,17.83

63,18.00,17.84

64,18.00,17.84

65,18.00,17.82

66,18.00,17.81

67,18.00,17.81

68,18.00,17.82

69,18.00,17.86

70,18.00,17.85

71,18.00,17.87

72,18.00,17.87

73,18.00,17.88

74,18.00,17.89

75,18.00,17.89

76,18.00,17.92

77,18.10,17.94

78,18.10,17.96

79,18.10,17.95

80,18.10,17.96

81,18.10,17.94

82,18.10,17.96

83,18.20,17.97

84,18.20,18.00

85,18.20,18.03

86,18.20,18.04

87,18.20,18.06

88,18.20,18.06

89,18.30,18.10

90,18.30,18.14

91,18.30,18.19

92,18.30,18.23

93,18.30,18.28

94,18.30,18.33

95,18.30,18.38

96,18.50,18.43

97,18.50,18.48

98,18.50,18.54

99,18.50,18.60

100,18.50,18.69

101,18.50,18.76

102,18.60,18.85

103,18.60,18.93

104,18.60,18.99

105,18.60,19.07

106,18.60,19.15

107,18.60,19.24

108,18.70,19.31

109,18.70,19.35

110,18.70,19.40

111,18.70,19.46

112,18.70,19.52

113,18.70,19.59

114,18.80,19.63

115,18.80,19.67

116,18.80,19.74

117,18.80,19.75

118,18.80,19.82

119,18.80,19.90

120,18.90,19.94

121,18.90,19.97

122,18.90,19.99

123,18.90,20.01

124,18.90,20.06

125,18.90,20.10

126,19.10,20.12

127,19.10,20.19

128,19.10,20.20

129,19.10,20.20

130,19.10,20.22

131,19.10,20.25

132,19.10,20.28

133,19.30,20.32

134,19.30,20.33

135,19.30,20.35

136,19.30,20.37

137,19.30,20.33

138,19.30,20.35

139,19.60,20.36

140,19.60,20.38

141,19.60,20.38

142,19.60,20.37

143,19.60,20.36

144,19.60,20.38

145,19.80,20.38

146,19.80,20.38

147,19.80,20.42

148,19.80,20.41

149,19.80,20.44

150,19.80,20.44

151,20.00,20.46

152,20.00,20.47

153,20.00,20.47

154,20.00,20.46

155,20.00,20.48

156,20.00,20.50

157,20.10,20.50

158,20.10,20.53

159,20.10,20.52

160,20.10,20.54

161,20.10,20.53

162,20.10,20.55

163,20.20,20.59

164,20.20,20.62

165,20.20,20.59

166,20.20,20.61

167,20.20,20.61

168,20.20,20.61

169,20.20,20.63

170,20.30,20.62

171,20.30,20.62

172,20.30,20.62

173,20.30,20.60

174,20.30,20.60

175,20.30,20.62

176,20.40,20.62

177,20.40,20.60

178,20.40,20.63

179,20.40,20.61

180,20.40,20.63

181,20.40,20.62

182,20.40,20.62

183,20.40,20.62

184,20.40,20.66

185,20.40,20.67

186,20.40,20.64

187,20.40,20.67

188,20.50,20.64

189,20.50,20.65

190,20.50,20.63

191,20.50,20.64

192,20.50,20.64

193,20.50,20.65

194,20.50,20.61

195,20.50,20.60

196,20.50,20.59

197,20.50,20.59

198,20.50,20.58

199,20.50,20.58

200,20.50,20.59

201,20.50,20.59

202,20.50,20.62

203,20.50,20.62

204,20.50,20.63

205,20.50,20.64

206,20.50,20.65

207,20.60,20.65

208,20.60,20.65

209,20.60,20.64

210,20.60,20.64

211,20.60,20.64

212,20.60,20.60

213,20.60,20.59

214,20.60,20.58

215,20.60,20.60

216,20.60,20.60

217,20.60,20.60

218,20.60,20.63

219,20.60,20.65

220,20.60,20.66

221,20.60,20.67

222,20.60,20.67

223,20.60,20.67

224,20.60,20.69

225,20.60,20.68

226,20.60,20.69

227,20.60,20.67

228,20.60,20.67

229,20.60,20.66

230,20.60,20.67

231,20.60,20.69

232,20.60,20.71

233,20.60,20.69

234,20.60,20.66

235,20.60,20.67

236,20.60,20.67

237,20.70,20.68

238,20.70,20.66

239,20.70,20.68

240,20.70,20.67

241,20.70,20.67

242,20.70,20.67

243,20.70,20.72

244,20.70,20.73

245,20.70,20.70

246,20.70,20.70

247,20.70,20.68

248,20.70,20.70

249,20.70,20.70

250,20.70,20.69

251,20.70,20.67

252,20.70,20.67

253,20.70,20.62

254,20.70,20.64

255,20.70,20.65

256,20.70,20.65

257,20.70,20.66

258,20.70,20.66

259,20.70,20.66

260,20.70,20.66

261,20.70,20.68

262,20.70,20.66

263,20.70,20.68

264,20.70,20.68

265,20.70,20.70

266,20.70,20.71

267,20.70,20.71

268,20.70,20.71

269,20.70,20.71

270,20.70,20.73

271,20.70,20.70

272,20.70,20.71

273,20.70,20.72

274,20.70,20.69

275,20.70,20.68

276,20.70,20.67

277,20.70,20.67

278,20.70,20.66

279,20.70,20.67

280,20.70,20.66

281,20.70,20.68

282,20.70,20.67

283,20.70,20.67

284,20.70,20.67

285,20.70,20.68

286,20.70,20.67

287,20.70,20.70

288,20.70,20.70

289,20.70,20.69

290,20.70,20.71

291,20.70,20.70

292,20.70,20.69

293,20.70,20.71

0,,

1,20.70,20.69

2,20.70,20.69

3,20.70,20.70

4,20.70,20.72

5,20.70,20.73

6,20.70,20.77

7,20.70,20.77

8,20.70,20.78

9,20.70,20.82

10,20.70,20.79

11,20.70,20.82

12,20.70,20.84

13,20.70,20.83

14,20.70,20.80

15,20.70,20.81

16,20.70,20.80

17,20.70,20.80

18,20.70,20.82

19,20.70,20.79

20,20.70,20.81

21,20.70,20.79

22,20.70,20.77

23,20.70,20.77

24,20.70,20.81

25,20.70,20.82

26,20.70,20.79

27,20.70,20.78

28,20.70,20.77

29,20.70,20.77

30,20.70,20.75

31,20.70,20.75

32,20.70,20.79

33,20.70,20.78

34,20.70,20.76

35,20.70,20.74

36,20.70,20.79

37,20.70,20.80

38,20.70,20.80

39,20.70,20.81

40,20.70,20.81

41,20.70,20.82

42,20.70,20.80

43,20.70,20.81

44,20.70,20.83

45,20.70,20.83

46,20.70,20.81

47,20.70,20.81

48,20.70,20.82

49,20.70,20.81

50,20.70,20.82

51,20.70,20.83

52,20.70,20.84

53,20.70,20.83

54,20.70,20.84

55,20.70,20.83

56,20.70,20.81

57,20.70,20.80

58,20.70,20.81

59,20.70,20.79

60,20.70,20.78

61,20.70,20.73

62,20.70,20.67

63,20.70,20.64

64,20.50,20.55

65,20.50,20.48

66,20.50,20.38

67,20.50,20.28

68,20.50,20.15

69,20.50,20.06

70,19.80,19.98

71,19.80,19.94

72,19.80,19.93

73,19.80,19.92

74,19.80,19.94

75,19.80,19.98

76,20.10,20.04

77,20.10,20.11

78,20.10,20.22

79,20.10,20.31

80,20.10,20.37

81,20.10,20.40

82,19.90,20.39

83,19.90,20.35

84,19.90,20.30

85,19.90,20.23

86,19.90,20.16

87,19.90,20.06

88,19.40,19.91

89,19.40,19.76

90,19.40,19.60

91,19.40,19.45

92,19.40,19.29

93,19.40,19.15

94,18.80,19.01

95,18.80,18.86

96,18.80,18.71

97,18.80,18.56

98,18.80,18.43

99,18.80,18.30

100,18.80,18.18

101,18.20,18.05

102,18.20,17.92

103,18.20,17.82

104,18.20,17.72

105,18.20,17.60

106,18.20,17.52

107,17.80,17.42

108,17.80,17.32

109,17.80,17.25

110,17.80,17.16

111,17.80,17.09

112,17.80,17.03

113,17.40,16.95

114,17.40,16.90

115,17.40,16.85

116,17.40,16.80

117,17.40,16.75

118,17.40,16.72

119,17.10,16.66

120,17.10,16.63

121,17.10,16.59

122,17.10,16.58

123,17.10,16.55

124,17.10,16.51

125,16.80,16.48

126,16.80,16.47

127,16.80,16.44

128,16.80,16.39

129,16.80,16.37

130,16.80,16.34

131,16.60,16.32

132,16.60,16.27

133,16.60,16.24

134,16.60,16.23

135,16.60,16.22

136,16.60,16.19

137,16.60,16.18

138,16.50,16.16

139,16.50,16.14

140,16.50,16.14

141,16.50,16.13

142,16.50,16.13

143,16.50,16.12

144,16.40,16.10

145,16.40,16.07

146,16.40,16.05

147,16.40,16.05

148,16.40,16.05

149,16.40,16.04

150,16.30,16.00

151,16.30,15.99

152,16.30,15.97

153,16.30,15.96

154,16.30,15.92

155,16.30,15.92

156,16.20,15.91

157,16.20,15.89

158,16.20,15.87

159,16.20,15.85

160,16.20,15.87

161,16.20,15.85

162,16.10,15.84

163,16.10,15.85

164,16.10,15.87

165,16.10,15.86

166,16.10,15.84

167,16.10,15.83

168,16.10,15.83

169,16.10,15.84

170,16.10,15.82

171,16.10,15.81

172,16.10,15.80

173,16.10,15.77

174,16.10,15.77

175,16.00,15.76

176,16.00,15.76

177,16.00,15.74

178,16.00,15.74

179,16.00,15.75

180,16.00,15.76

181,16.00,15.76

182,16.00,15.78

183,16.00,15.78

184,16.00,15.80

185,16.00,15.81

186,16.00,15.82

187,16.00,15.82

188,16.00,15.82

189,16.00,15.81

190,16.00,15.81

191,16.00,15.81

192,16.00,15.80

193,16.00,15.79

194,16.00,15.77

195,16.00,15.76

196,16.00,15.75

197,16.00,15.74

198,16.00,15.75

199,15.90,15.74

200,15.90,15.73

201,15.90,15.73

202,15.90,15.74

203,15.90,15.75

204,15.90,15.74

205,15.90,15.73

206,15.90,15.73

207,15.90,15.74

208,15.90,15.74

209,15.90,15.74

210,15.90,15.74

211,15.90,15.73

212,15.90,15.72

213,15.90,15.71

214,15.90,15.71

215,15.90,15.72

216,15.90,15.71

217,15.90,15.71

218,15.90,15.71

219,15.90,15.73

220,15.90,15.75

221,15.90,15.75

222,15.90,15.75

223,15.90,15.76

224,15.90,15.75

225,15.90,15.73

226,15.90,15.74

227,15.90,15.72

228,15.90,15.72

229,15.90,15.71

230,15.90,15.70

231,15.90,15.71

232,15.90,15.72

233,15.90,15.69

234,15.90,15.71

235,15.90,15.72

236,15.90,15.71

237,15.90,15.71

238,15.90,15.70

239,15.90,15.70

240,15.90,15.68

241,15.90,15.67

242,15.90,15.66

243,15.90,15.67

244,15.90,15.67

245,15.90,15.68

246,15.90,15.70

247,15.90,15.70

248,15.90,15.71

249,15.90,15.70

250,15.90,15.71

251,15.90,15.73

252,15.90,15.73

253,15.90,15.73

254,15.90,15.72

255,15.80,15.73

256,15.80,15.73

257,15.80,15.73

258,15.80,15.73

259,15.80,15.73

260,15.80,15.72

261,15.80,15.71

262,15.80,15.72

263,15.80,15.73

264,15.80,15.72

265,15.80,15.70

266,15.80,15.69

267,15.90,15.70

268,15.90,15.70

269,15.90,15.69

270,15.90,15.69

271,15.90,15.69

272,15.90,15.67

273,15.90,15.68

274,15.90,15.68

275,15.90,15.69

276,15.90,15.69

277,15.90,15.68

278,15.90,15.66

279,15.80,15.66

280,15.80,15.67

281,15.80,15.69

282,15.80,15.70

283,15.80,15.68

284,15.80,15.67

285,15.80,15.67

286,15.80,15.69

287,15.80,15.69

288,15.80,15.68

289,15.80,15.69

290,15.80,15.68

291,15.80,15.67

292,15.80,15.65

293,15.80,15.68

294,15.80,15.68

295,15.80,15.69

296,15.80,15.67

297,15.80,15.67

298,15.80,15.68

299,15.80,15.68

300,15.80,15.68

301,15.80,15.68

302,15.80,15.68

303,15.80,15.67

304,15.80,15.68

305,15.80,15.68

306,15.80,15.68

307,15.80,15.68

308,15.80,15.68

309,15.80,15.69

310,15.80,15.70

311,15.80,15.69

312,15.80,15.69

313,15.80,15.68

314,15.80,15.69

315,15.80,15.67

316,15.80,15.66

317,15.80,15.66

318,15.80,15.68

319,15.80,15.66

320,15.80,15.65

321,15.80,15.66

322,15.80,15.66

323,15.80,15.68

324,15.80,15.66

325,15.80,15.69

326,15.80,15.69

327,15.80,15.71

328,15.80,15.70

329,15.80,15.71

330,15.80,15.71

331,15.80,15.71

332,15.80,15.70

333,15.80,15.70

334,15.80,15.70

335,15.80,15.70

336,15.80,15.69

337,15.80,15.67

338,15.80,15.67

339,15.80,15.66

340,15.80,15.67

341,15.80,15.67

342,15.80,15.68

343,15.80,15.67

344,15.80,15.71

345,15.80,15.70

346,15.80,15.71

347,15.80,15.71

348,15.80,15.71

349,15.80,15.69

350,15.80,15.70

351,15.80,15.71

352,15.80,15.70

353,15.80,15.70

354,15.80,15.66

355,15.80,15.66

356,15.80,15.67

357,15.80,15.69

358,15.80,15.71

359,15.80,15.72

360,15.80,15.71

361,15.80,15.71

362,15.80,15.71

363,15.80,15.70

364,15.80,15.70

365,15.80,15.72

366,15.80,15.70

367,15.80,15.69

368,15.80,15.67

369,15.80,15.68

370,15.80,15.68

371,15.80,15.68

372,15.80,15.68

373,15.80,15.68

374,15.80,15.69

375,15.80,15.67

376,15.80,15.66

377,15.80,15.64

378,15.80,15.64

379,15.80,15.62

380,15.80,15.63

381,15.80,15.62

382,15.80,15.64

383,15.80,15.63

384,15.80,15.62

385,15.80,15.62

386,15.80,15.64

387,15.80,15.67

388,15.80,15.68

389,15.80,15.68

390,15.80,15.69

391,15.80,15.70

392,15.80,15.70

393,15.80,15.73

394,15.80,15.76

395,15.80,15.78

396,15.80,15.83

397,16.00,15.88

398,16.00,15.93

399,16.00,15.99

400,16.00,16.02

401,16.00,16.07

402,16.00,16.13

403,16.20,16.15

404,16.20,16.19

405,16.20,16.23

406,16.20,16.23

407,16.20,16.22

408,16.20,16.24

409,16.20,16.25

410,16.20,16.28

411,16.20,16.31

412,16.20,16.31

413,16.20,16.35

414,16.20,16.38

415,16.40,16.39

416,16.40,16.41

417,16.40,16.43

418,16.40,16.44

419,16.40,16.45

420,16.40,16.44

421,16.40,16.42

422,16.40,16.42

423,16.40,16.38

424,16.40,16.37

425,16.40,16.35

426,16.40,16.35

427,16.40,16.33

428,16.30,16.30

429,16.30,16.29

430,16.30,16.28

431,16.30,16.29

432,16.30,16.29

433,16.30,16.29

434,16.30,16.27

435,16.30,16.27

436,16.30,16.25

437,16.30,16.25

438,16.30,16.25

439,16.30,16.23

440,16.30,16.23

441,16.30,16.21

442,16.30,16.19

443,16.30,16.17

444,16.30,16.13

445,16.30,16.11

446,16.20,16.10

447,16.20,16.06

448,16.20,16.04

449,16.20,16.02

450,16.20,16.00

451,16.20,15.96

452,16.10,15.93

453,16.10,15.94

454,16.10,15.93

455,16.10,15.90

456,16.10,15.90

457,16.10,15.88

458,16.00,15.85

459,16.00,15.83

460,16.00,15.81

461,16.00,15.81

462,16.00,15.80

463,16.00,15.75

464,16.00,15.73

465,16.00,15.73

466,16.00,15.69

467,16.00,15.70

468,16.00,15.69

469,16.00,15.68

470,16.00,15.66

471,15.90,15.65

472,15.90,15.65

473,15.90,15.65

474,15.90,15.66

475,15.90,15.63

476,15.90,15.63

477,15.80,15.61

478,15.80,15.58

479,15.80,15.55

480,15.80,15.53

481,15.80,15.51

482,15.80,15.48

483,15.70,15.47

484,15.70,15.44

485,15.70,15.45

486,15.70,15.43

487,15.70,15.40

488,15.70,15.40

489,15.60,15.41

490,15.60,15.39

491,15.60,15.37

492,15.60,15.36

493,15.60,15.31

494,15.60,15.29

495,15.50,15.26

496,15.50,15.25

497,15.50,15.22

498,15.50,15.22

499,15.50,15.21

500,15.50,15.21

501,15.50,15.20

502,15.40,15.19

503,15.40,15.19

504,15.40,15.18

505,15.40,15.17

506,15.40,15.15

507,15.40,15.15

508,15.30,15.11

509,15.30,15.09

510,15.30,15.07

511,15.30,15.07

512,15.30,15.07

513,15.30,15.06

514,15.30,15.06

515,15.30,15.04

516,15.30,15.04

517,15.30,15.04

518,15.30,15.05

519,15.30,15.03

520,15.20,15.01

521,15.20,15.01

522,15.20,14.98

523,15.20,14.99

524,15.20,14.97

525,15.20,14.97

526,15.20,14.97

527,15.20,14.97

528,15.20,14.98

529,15.20,15.00

530,15.20,14.99

531,15.20,14.98

532,15.20,15.00

533,15.20,15.00

534,15.20,15.01

535,15.20,15.01

536,15.20,15.02

537,15.20,15.01

538,15.20,14.97

539,15.20,14.98

540,15.20,15.00

541,15.20,14.99

542,15.20,14.98

543,15.20,14.96

544,15.20,14.96

545,15.20,14.94

546,15.20,14.93

547,15.20,14.93

548,15.20,14.95

549,15.20,14.96

550,15.20,14.95

551,15.30,14.98

552,15.30,15.00

553,15.30,15.02

554,15.30,15.03

555,15.30,15.04

556,15.30,15.04

557,15.30,15.07

558,15.30,15.09

559,15.30,15.10

560,15.30,15.12

561,15.30,15.11

562,15.30,15.15

563,15.50,15.18

564,15.50,15.23

565,15.50,15.29

566,15.50,15.36

567,15.50,15.44

568,15.50,15.53

569,15.70,15.63

570,15.70,15.77

571,15.70,15.94

572,15.70,16.06

573,15.70,16.22

574,15.70,16.36

575,15.70,16.55

576,16.00,16.71

577,16.00,16.87

578,16.00,17.01

579,16.00,17.16

580,16.00,17.28

581,16.00,17.42

582,16.80,17.55

583,16.80,17.69

584,16.80,17.83

585,16.80,17.95

586,16.80,18.08

587,16.80,18.20

588,17.60,18.30

589,17.60,18.42

590,17.60,18.55

591,17.60,18.67

592,17.60,18.77

593,17.60,18.87

594,18.20,18.96

595,18.20,19.04

596,18.20,19.10

597,18.20,19.18

598,18.20,19.26

599,18.20,19.30

600,18.60,19.35

601,18.60,19.39

602,18.60,19.44

603,18.60,19.49

604,18.60,19.51

605,18.60,19.54

606,19.00,19.60

607,19.00,19.62

608,19.00,19.66

609,19.00,19.71

610,19.00,19.74

611,19.00,19.76

612,19.00,19.78

613,19.40,19.83

614,19.40,19.89

615,19.40,19.92

616,19.40,19.94

617,19.40,19.99

618,19.40,20.04

619,19.60,20.05

620,19.60,20.07

621,19.60,20.09

622,19.60,20.15

623,19.60,20.12

624,19.60,20.12

625,19.80,20.12

626,19.80,20.16

627,19.80,20.19

628,19.80,20.19

629,19.80,20.22

630,19.80,20.23

631,19.90,20.28

632,19.90,20.28

633,19.90,20.31

634,19.90,20.34

635,19.90,20.36

636,19.90,20.36

637,20.10,20.34

638,20.10,20.35

639,20.10,20.37

640,20.10,20.39

641,20.10,20.39

642,20.10,20.41

643,20.10,20.42

644,20.10,20.42

645,20.10,20.44

646,20.10,20.46

647,20.10,20.51

648,20.10,20.51

649,20.10,20.53

650,20.20,20.52

651,20.20,20.50

652,20.20,20.50

653,20.20,20.51

654,20.20,20.52

655,20.20,20.54

656,20.30,20.54

657,20.30,20.53

658,20.30,20.56

659,20.30,20.56

660,20.30,20.57

661,20.30,20.57

662,20.40,20.56

663,20.40,20.56

664,20.40,20.60

665,20.40,20.58

666,20.40,20.57

667,20.40,20.55

668,20.40,20.54

669,20.40,20.55

670,20.40,20.55

671,20.40,20.57

672,20.40,20.60

673,20.40,20.58

674,20.40,20.54

675,20.40,20.54

676,20.40,20.54

677,20.40,20.56

678,20.40,20.55

679,20.40,20.56

680,20.50,20.56

681,20.50,20.55

682,20.50,20.54

683,20.50,20.56

684,20.50,20.56

685,20.50,20.60

686,20.50,20.61

687,20.50,20.61

688,20.50,20.63

689,20.50,20.64

690,20.50,20.66

691,20.50,20.68

692,20.50,20.68

693,20.50,20.69

694,20.50,20.68

695,20.50,20.67

696,20.50,20.67

697,20.50,20.65

698,20.50,20.61

699,20.50,20.62

700,20.50,20.62

701,20.50,20.63

702,20.50,20.62

703,20.50,20.64

704,20.50,20.67

705,20.60,20.64

706,20.60,20.63

707,20.60,20.66

708,20.60,20.67

709,20.60,20.66

710,20.60,20.63

711,20.60,20.65

712,20.60,20.64

713,20.60,20.63

714,20.60,20.63

715,20.60,20.66

716,20.60,20.68

717,20.60,20.70

718,20.60,20.71

719,20.60,20.70

720,20.60,20.72

721,20.60,20.70

722,20.60,20.71

723,20.60,20.70

724,20.60,20.71

725,20.60,20.69

726,20.60,20.71

727,20.60,20.72

728,20.60,20.72

729,20.60,20.72

730,20.60,20.75

731,20.60,20.77

732,20.60,20.77

733,20.60,20.78

734,20.60,20.78

735,20.60,20.79

736,20.70,20.76

737,20.70,20.75

738,20.70,20.76

739,20.70,20.76

740,20.70,20.71

741,20.70,20.69

742,20.70,20.68

743,20.70,20.69

744,20.70,20.70

745,20.70,20.69

746,20.70,20.69

747,20.70,20.68

748,20.70,20.68

749,20.70,20.68

750,20.70,20.71

751,20.70,20.74

752,20.70,20.75

753,20.70,20.75

754,20.70,20.74

755,20.70,20.75

756,20.70,20.75

757,20.70,20.74

758,20.70,20.74

759,20.70,20.74

760,20.70,20.71

761,20.70,20.68

762,20.70,20.68

763,20.70,20.66

764,20.70,20.66

765,20.70,20.65

766,20.70,20.65

767,20.70,20.68

768,20.70,20.68

769,20.70,20.71

770,20.70,20.71

771,20.70,20.72

772,20.70,20.73

773,20.70,20.71

774,20.70,20.73

775,20.70,20.75

776,20.70,20.74

777,20.70,20.75

778,20.70,20.75

779,20.70,20.73

780,20.70,20.74

781,20.70,20.74

782,20.70,20.74

783,20.70,20.77

784,20.70,20.77

785,20.70,20.76

786,20.70,20.77

787,20.70,20.75

788,20.70,20.75

789,20.70,20.75

790,20.70,20.76

791,20.70,20.76

792,20.70,20.74

793,20.70,20.71

794,20.70,20.72

795,20.70,20.74

796,20.70,20.72

797,20.70,20.74

798,20.70,20.75

799,20.70,20.73

800,20.70,20.72

801,20.70,20.71

802,20.70,20.75

803,20.70,20.76

804,20.70,20.74

805,20.70,20.72

806,20.70,20.72

807,20.70,20.70

808,20.70,20.68

809,20.70,20.68

810,20.70,20.67

811,20.70,20.69

812,20.70,20.66

813,20.70,20.66

814,20.70,20.69

815,20.70,20.70

816,20.70,20.71

817,20.70,20.73

818,20.70,20.75

819,20.70,20.74

820,20.70,20.75

821,20.70,20.75

822,20.70,20.74

823,20.70,20.74

824,20.70,20.74

825,20.70,20.78

826,20.70,20.79

827,20.70,20.79

828,20.70,20.78

829,20.70,20.80

830,20.70,20.79

831,20.70,20.78

832,20.70,20.81

833,20.70,20.83

834,20.70,20.82

835,20.70,20.77

836,20.70,20.74

837,20.70,20.75

838,20.70,20.76

839,20.70,20.76

840,20.70,20.77

841,20.70,20.79

842,20.70,20.78

843,20.70,20.77

844,20.70,20.77

845,20.70,20.76

846,20.70,20.78

847,20.70,20.79

848,20.70,20.79

849,20.70,20.79

850,20.70,20.78

851,20.70,20.74

852,20.70,20.74

853,20.70,20.75

854,20.70,20.76

855,20.70,20.78

856,20.70,20.78

857,20.70,20.79

858,20.70,20.76

859,20.70,20.76

860,20.70,20.77

861,20.70,20.80

862,20.70,20.81

863,20.70,20.82

864,20.70,20.81

865,20.70,20.80

866,20.70,20.79

867,20.70,20.77

868,20.70,20.81

869,20.70,20.82

870,20.70,20.84

871,20.70,20.85

872,20.70,20.84

873,20.70,20.83

874,20.70,20.84

875,20.70,20.86

876,20.70,20.87

877,20.70,20.87

878,20.70,20.85

879,20.70,20.86

880,20.70,20.83

881,20.70,20.83

882,20.70,20.81

883,20.70,20.81

884,20.70,20.79

885,20.70,20.75

886,20.70,20.73

887,20.70,20.72

888,20.70,20.71

889,20.70,20.68

890,20.70,20.71

891,20.70,20.70

892,20.70,20.71

893,20.70,20.70

894,20.70,20.70

895,20.70,20.73

896,20.70,20.76

897,20.70,20.76

898,20.70,20.76

899,20.70,20.78

900,20.70,20.77

901,20.70,20.79

902,20.70,20.80

903,20.70,20.80

904,20.70,20.79

905,20.70,20.79

906,20.70,20.77

907,20.70,20.78

908,20.70,20.78

909,20.70,20.78

910,20.70,20.78

911,20.70,20.77

912,20.70,20.75

913,20.70,20.75

914,20.70,20.76

915,20.70,20.77

916,20.70,20.78

917,20.70,20.79

918,20.70,20.81

919,20.70,20.79

920,20.70,20.79

921,20.70,20.78

922,20.70,20.79

923,20.70,20.81

924,20.70,20.81

925,20.70,20.80

926,20.70,20.81

927,20.70,20.79

928,20.70,20.78

929,20.70,20.81

930,20.70,20.81

931,20.70,20.82

932,20.70,20.83

933,20.70,20.81

934,20.70,20.79

935,20.70,20.78

936,20.70,20.79

937,20.70,20.79

938,20.70,20.79

939,20.70,20.75

940,20.70,20.77

941,20.70,20.78

942,20.70,20.78

943,20.70,20.80

944,20.70,20.81

945,20.70,20.82

946,20.70,20.80

947,20.70,20.80

948,20.70,20.81

949,20.70,20.82

950,20.70,20.81

951,20.70,20.79

952,20.70,20.76

953,20.70,20.74

954,20.70,20.76

955,20.70,20.76

956,20.70,20.78

957,20.70,20.80

958,20.80,20.81

959,20.80,20.82

960,20.80,20.81

961,20.80,20.80

962,20.80,20.83

963,20.80,20.84

964,20.80,20.84

965,20.80,20.83

966,20.80,20.83

967,20.80,20.80

968,20.80,20.79

969,20.80,20.78

970,20.80,20.80

971,20.80,20.81

972,20.80,20.81

973,20.80,20.79

974,20.80,20.77

975,20.80,20.77

976,20.80,20.77

977,20.80,20.76

978,20.80,20.77

979,20.80,20.76

980,20.80,20.76

981,20.80,20.75

982,20.80,20.75

983,20.80,20.77

984,20.80,20.80

985,20.80,20.78

986,20.80,20.77

987,20.80,20.80

988,20.80,20.79

989,20.80,20.82

990,20.80,20.82

991,20.80,20.83

992,20.80,20.79

993,20.80,20.79

994,20.80,20.76

995,20.80,20.77

996,20.80,20.76

997,20.80,20.75

998,20.80,20.76

999,20.80,20.74

1000,20.80,20.72

1001,20.70,20.74

1002,20.70,20.76

1003,20.70,20.76

1004,20.70,20.77

1005,20.70,20.79

1006,20.70,20.82

1007,20.70,20.82

1008,20.70,20.82

1009,20.70,20.84

1010,20.70,20.84

1011,20.70,20.82

1012,20.70,20.83

1013,20.70,20.83

1014,20.70,20.83

1015,20.70,20.85

1016,20.70,20.86

1017,20.70,20.86

1018,20.70,20.85

1019,20.70,20.85

1020,20.70,20.86

1021,20.70,20.85

1022,20.70,20.86

1023,20.70,20.87

1024,20.70,20.88

1025,20.70,20.84

1026,20.80,20.81

1027,20.80,20.82

1028,20.80,20.82

1029,20.80,20.80

1030,20.80,20.81

1031,20.80,20.84

1032,20.80,20.83

1033,20.80,20.82

1034,20.80,20.79

1035,20.80,20.80

1036,20.80,20.80

1037,20.80,20.77

1038,20.80,20.78

1039,20.80,20.79

1040,20.80,20.79

1041,20.80,20.76

1042,20.80,20.76

1043,20.80,20.75

1044,20.80,20.76

1045,20.80,20.77

1046,20.80,20.77

1047,20.80,20.78

1048,20.80,20.76

1049,20.80,20.77

1050,20.80,20.74

1051,20.80,20.76

1052,20.80,20.77

1053,20.80,20.79

1054,20.80,20.80

1055,20.80,20.81

1056,20.80,20.80

1057,20.80,20.80

1058,20.80,20.82

1059,20.80,20.81

1060,20.80,20.82

1061,20.80,20.82

1062,20.80,20.80

1063,20.80,20.80

1064,20.80,20.78

1065,20.80,20.78

1066,20.80,20.77

1067,20.80,20.78

1068,20.80,20.79

1069,20.80,20.79

1070,20.80,20.79

1071,20.80,20.80

1072,20.80,20.78

1073,20.80,20.80

1074,20.80,20.82

1075,20.70,20.80

1076,20.70,20.81

1077,20.70,20.80

1078,20.70,20.80

1079,20.70,20.79

1080,20.70,20.78

1081,20.70,20.78

1082,20.70,20.79

1083,20.70,20.80

1084,20.70,20.79

1085,20.70,20.80

1086,20.70,20.81

1087,20.70,20.82

1088,20.70,20.82

1089,20.70,20.83

1090,20.70,20.85

1091,20.70,20.84

1092,20.70,20.85

1093,20.70,20.84

1094,20.70,20.83

1095,20.70,20.82

1096,20.70,20.81

1097,20.70,20.79

1098,20.70,20.79

1099,20.70,20.81

1100,20.70,20.79

1101,20.70,20.80

1102,20.70,20.76

1103,20.70,20.73

1104,20.70,20.62

1105,20.70,20.51

1106,20.10,20.33

1107,20.10,20.14

1108,20.10,19.92

1109,20.10,19.65

1110,20.10,19.40

1111,20.10,19.14

1112,18.70,18.94

1113,18.70,18.77

1114,18.70,18.67

1115,18.70,18.61

1116,18.70,18.65

1117,18.70,18.69

1118,19.10,18.73

1119,19.10,18.75

1120,19.10,18.72

1121,19.10,18.67

1122,19.10,18.54

1123,19.10,18.36

1124,19.10,18.13

1125,17.60,17.85

1126,17.60,17.50

1127,17.60,17.14

1128,17.60,16.81

1129,17.60,16.51

1130,17.60,16.21

1131,16.10,15.96

1132,16.10,15.74

1133,16.10,15.54

1134,16.10,15.35

1135,16.10,15.17

1136,16.10,15.02

1137,15.00,14.87

1138,15.00,14.71

1139,15.00,14.59

1140,15.00,14.51

1141,15.00,14.42

1142,15.00,14.37

1143,14.50,14.35

1144,14.50,14.39

1145,14.50,14.45

1146,14.50,14.57

1147,14.50,14.73

1148,14.50,14.95

1149,15.40,15.18

1150,15.40,15.44

1151,15.40,15.70

1152,15.40,15.97

1153,15.40,16.23

1154,15.40,16.50

1155,16.70,16.81

1156,16.70,17.06

1157,16.70,17.31

1158,16.70,17.53

1159,16.70,17.72

1160,16.70,17.90

1161,16.70,18.09

1162,17.80,18.24

1163,17.80,18.40

1164,17.80,18.51

1165,17.80,18.59

1166,17.80,18.68

1167,17.80,18.75

1168,18.30,18.81

1169,18.30,18.84

1170,18.30,18.84

1171,18.30,18.85

1172,18.30,18.88

1173,18.30,18.87

1174,18.50,18.88

1175,18.50,18.92

1176,18.50,19.01

1177,18.50,19.19

1178,18.50,19.43

1179,18.50,19.78

1180,20.90,20.24

1181,20.90,20.73

1182,20.90,21.25

1183,20.90,21.85

1184,20.90,22.49

1185,20.90,23.11

1186,24.00,23.71

1187,24.00,24.19

1188,24.00,24.64

1189,24.00,25.02

1190,24.00,25.29

1191,24.00,25.53

1192,25.00,25.74

1193,25.00,25.89

1194,25.00,25.95

1195,25.00,25.99

1196,25.00,26.00

1197,25.00,26.02

1198,25.00,26.01

1199,25.00,25.97

1200,25.00,25.92

1201,25.00,25.82

1202,25.00,25.72

1203,25.00,25.60

1204,25.00,25.51

1205,25.00,25.40

1206,25.00,25.29

1207,25.00,25.20

1208,25.00,25.09

1209,25.00,24.94

1210,25.00,24.86

1211,25.00,24.77

1212,25.00,24.67

1213,25.00,24.54

1214,25.00,24.42

1215,25.00,24.33

1216,25.00,24.24

1217,24.70,24.10

1218,24.70,23.97

1219,24.70,23.88

1220,24.70,23.74

1221,24.70,23.63

1222,24.70,23.54

1223,24.20,23.44

1224,24.20,23.38

1225,24.20,23.27

1226,24.20,23.15

1227,24.20,23.07

1228,24.20,23.01

1229,23.60,22.93

1230,23.60,22.88

1231,23.60,22.80

1232,23.60,22.69

1233,23.60,22.67

1234,23.60,22.59

1235,23.60,22.57

1236,23.10,22.53

1237,23.10,22.47

1238,23.10,22.42

1239,23.10,22.38

1240,23.10,22.33

1241,23.10,22.29

1242,22.70,22.26

1243,22.70,22.22

1244,22.70,22.17

1245,22.70,22.13

1246,22.70,22.08

1247,22.70,22.06

1248,22.40,22.03

1249,22.40,22.01

1250,22.40,22.01

1251,22.40,22.02

1252,22.40,22.02

1253,22.40,21.99

1254,22.20,22.02

1255,22.20,22.02

1256,22.20,22.02

1257,22.20,21.99

1258,22.20,21.96

1259,22.20,21.97

1260,22.00,21.97

1261,22.00,21.92

1262,22.00,21.92

1263,22.00,21.89

1264,22.00,21.84

1265,22.00,21.80

1266,21.90,21.77

1267,21.90,21.80

1268,21.90,21.79

1269,21.90,21.74

1270,21.90,21.75

1271,21.90,21.74

1272,21.90,21.73

1273,21.70,21.74

1274,21.70,21.71

1275,21.70,21.71

1276,21.70,21.70

1277,21.70,21.64

1278,21.70,21.63

1279,21.60,21.62

1280,21.60,21.59

1281,21.60,21.59

1282,21.60,21.59

1283,21.60,21.56

1284,21.60,21.59

1285,21.50,21.59

1286,21.50,21.60

1287,21.50,21.61

1288,21.50,21.60

1289,21.50,21.59

1290,21.50,21.57

1291,21.30,21.55

1292,21.30,21.53

1293,21.30,21.51

1294,21.30,21.48

1295,21.30,21.47

1296,21.30,21.45

1297,21.30,21.43

1298,21.30,21.44

1299,21.30,21.42

1300,21.30,21.42

1301,21.30,21.39

1302,21.30,21.38

1303,21.20,21.37

1304,21.20,21.38

1305,21.20,21.37

1306,21.20,21.37

1307,21.20,21.38

1308,21.20,21.37

1309,21.20,21.36

1310,21.10,21.36

1311,21.10,21.37

1312,21.10,21.37

1313,21.10,21.36

1314,21.10,21.33

1315,21.10,21.35

1316,21.00,21.33

1317,21.00,21.33

1318,21.00,21.32

1319,21.00,21.32

1320,21.00,21.30

1321,21.00,21.30

1322,21.00,21.27

1323,21.00,21.28

1324,21.00,21.29

1325,21.00,21.26

1326,21.00,21.27

1327,21.00,21.26

1328,21.00,21.24

1329,21.00,21.25

1330,21.00,21.23

1331,21.00,21.24

1332,21.00,21.24

1333,21.00,21.21

1334,20.90,21.20

1335,20.90,21.22

1336,20.90,21.19

1337,20.90,21.19

1338,20.90,21.20

1339,20.90,21.19

1340,20.90,21.19

1341,20.90,21.16

1342,20.90,21.15

1343,20.90,21.15

1344,20.90,21.12

1345,20.90,21.10

1346,20.90,21.11

1347,20.90,21.08

1348,20.90,21.07

1349,20.90,21.08

1350,20.90,21.09

1351,20.90,21.08

1352,20.90,21.07

1353,20.90,21.11

1354,20.90,21.11

1355,20.90,21.12

1356,20.90,21.12

1357,20.90,21.12

1358,20.90,21.12

1359,20.90,21.10

1360,20.90,21.07

1361,20.90,21.11

1362,20.90,21.13

1363,20.90,21.13

1364,20.90,21.14

1365,20.90,21.15

1366,20.90,21.15

1367,20.90,21.15

1368,20.90,21.14

1369,20.90,21.14

1370,20.90,21.15

1371,20.90,21.12

1372,20.90,21.11

1373,20.90,21.07

1374,20.90,21.03

1375,20.90,21.01

1376,20.90,21.00

1377,20.90,21.01

1378,20.90,21.00

1379,20.90,21.00

1380,20.90,20.98

1381,20.90,21.01

1382,20.90,21.01

1383,20.90,21.00

1384,20.90,21.01

1385,20.90,21.01

1386,20.90,21.02

1387,20.90,21.02

1388,20.90,21.03

1389,20.90,21.02

1390,20.90,21.02

1391,20.90,21.00

1392,20.90,21.00

1393,20.90,21.00

1394,20.90,21.00

1395,20.90,20.99

1396,20.90,20.99

1397,20.90,20.99

1398,20.90,20.99

1399,20.90,20.97

1400,20.90,20.95

1401,20.90,20.94

1402,20.80,20.94

1403,20.80,20.93

1404,20.80,20.93

1405,20.80,20.92

1406,20.80,20.92

1407,20.80,20.89

1408,20.80,20.92

1409,20.80,20.93

1410,20.80,20.93

1411,20.80,20.93

1412,20.80,20.90

1413,20.80,20.91

1414,20.80,20.93

1415,20.80,20.94

1416,20.80,20.93

1417,20.80,20.94

1418,20.80,20.91

1419,20.80,20.93

1420,20.80,20.93

1421,20.80,20.93

1422,20.80,20.98

1423,20.80,20.99

1424,20.80,20.96

1425,20.80,21.00

1426,20.80,20.98

1427,20.80,20.97

1428,20.80,20.96

1429,20.80,20.97

1430,20.80,20.97

1431,20.80,20.98

1432,20.80,20.95

1433,20.80,20.94

1434,20.80,20.94

1435,20.80,20.89

1436,20.80,20.90

1437,20.80,20.92

1438,20.80,20.92

1439,20.80,20.92

1440,20.80,20.91

1441,20.80,20.91

1442,20.80,20.91

1443,20.80,20.91

1444,20.80,20.90

1445,20.80,20.91

1446,20.80,20.92

1447,20.80,20.91

1448,20.80,20.93

1449,20.80,20.91

1450,20.80,20.92

1451,20.80,20.94

1452,20.80,20.95

1453,20.80,20.95

1454,20.80,20.98

1455,20.80,20.99

1456,20.80,21.00

1457,20.80,21.00

1458,20.80,20.97

1459,20.80,20.99

1460,20.80,20.99

1461,20.80,20.97

1462,20.80,20.95

1463,20.80,20.96

1464,20.80,20.95

1465,20.80,20.93

1466,20.80,20.92

1467,20.80,20.91

1468,20.80,20.91

1469,20.80,20.89

1470,20.80,20.88

1471,20.80,20.89

1472,20.80,20.89

1473,20.80,20.89

1474,20.80,20.87

1475,20.80,20.87

1476,20.80,20.88

1477,20.80,20.89

1478,20.80,20.90

1479,20.80,20.91

1480,20.80,20.92

1481,20.80,20.91

1482,20.80,20.90

1483,20.80,20.90

1484,20.80,20.92

1485,20.80,20.91

1486,20.80,20.92

1487,20.80,20.91

1488,20.80,20.93

1489,20.80,20.93

1490,20.80,20.92

1491,20.80,20.93

1492,20.80,20.94

1493,20.80,20.92

1494,20.80,20.93

1495,20.80,20.94

1496,20.80,20.92

1497,20.80,20.92

1498,20.80,20.91

1499,20.80,20.91

1500,20.80,20.92

1501,20.80,20.91

1502,20.80,20.92

1503,20.80,20.92

1504,20.80,20.89

1505,20.80,20.90

1506,20.80,20.88

1507,20.80,20.88

1508,20.80,20.86

1509,20.80,20.86

1510,20.80,20.85

1511,20.80,20.84

1512,20.80,20.82

1513,20.80,20.82

1514,20.80,20.85

1515,20.80,20.82

1516,20.80,20.85

1517,20.80,20.83

1518,20.80,20.84

1519,20.80,20.86

1520,20.80,20.85

1521,20.80,20.86

1522,20.80,20.87

1523,20.80,20.87

1524,20.80,20.85

1525,20.80,20.86

1526,20.80,20.85

1527,20.80,20.86

1528,20.80,20.86

1529,20.80,20.86

1530,20.80,20.84

1531,20.80,20.84

1532,20.80,20.82

1533,20.80,20.82

1534,20.80,20.83

1535,20.80,20.82

1536,20.80,20.82

1537,20.80,20.82

1538,20.80,20.81

1539,20.80,20.80

1540,20.80,20.83

1541,20.80,20.84

1542,20.80,20.85

1543,20.80,20.84

1544,20.80,20.83

1545,20.80,20.84

1546,20.80,20.84

1547,20.80,20.86

1548,20.80,20.83

1549,20.80,20.83

1550,20.80,20.81

1551,20.80,20.80

1552,20.80,20.78

1553,20.80,20.79

1554,20.80,20.77

1555,20.80,20.73

1556,20.60,20.69

1557,20.60,20.60

1558,20.60,20.48

1559,20.60,20.30

1560,20.60,20.06

1561,20.60,19.79

1562,18.90,19.46

1563,18.90,19.11

1564,18.90,18.78

1565,18.90,18.42

1566,18.90,18.05

1567,18.90,17.71

1568,18.90,17.44

1569,17.40,17.25

1570,17.40,17.16

1571,17.40,17.07

1572,17.40,17.10

1573,17.40,17.14

1574,17.40,17.20

1575,17.70,17.31

1576,17.70,17.44

1577,17.70,17.57

1578,17.70,17.73

1579,17.70,17.86

1580,17.70,17.95

1581,18.00,18.08

1582,18.00,18.18

1583,18.00,18.29

1584,18.00,18.40

1585,18.00,18.50

1586,18.00,18.60

1587,18.50,18.70

1588,18.50,18.79

1589,18.50,18.89

1590,18.50,18.99

1591,18.50,19.09

1592,18.50,19.19

1593,19.10,19.30

1594,19.10,19.38

1595,19.10,19.47

1596,19.10,19.56

1597,19.10,19.61

1598,19.10,19.64

1599,19.10,19.66

1600,19.40,19.70

1601,19.40,19.72

1602,19.40,19.69

1603,19.40,19.65

1604,19.40,19.63

1605,19.40,19.63

1606,19.30,19.58

1607,19.30,19.56

1608,19.30,19.56

1609,19.30,19.57

1610,19.30,19.56

1611,19.30,19.56

1612,19.50,19.59

1613,19.50,19.60

1614,19.50,19.64

1615,19.50,19.65

1616,19.50,19.70

1617,19.50,19.72

1618,19.50,19.70

1619,19.50,19.69

1620,19.50,19.68

1621,19.50,19.64

1622,19.50,19.60

1623,19.50,19.55

1624,19.20,19.43

1625,19.20,19.33

1626,19.20,19.25

1627,19.20,19.15

1628,19.20,19.07

1629,19.20,18.99

1630,18.80,18.91

1631,18.80,18.87

1632,18.80,18.84

1633,18.80,18.81

1634,18.80,18.82

1635,18.80,18.80

1636,18.80,18.80

1637,18.80,18.84

1638,18.80,18.87

1639,18.80,18.91

1640,18.80,18.94

1641,18.80,18.99

1642,18.80,19.01

1643,19.00,19.07

1644,19.00,19.13

1645,19.00,19.22

1646,19.00,19.30

1647,19.00,19.40

1648,19.00,19.52

1649,19.60,19.66

1650,19.60,19.80

1651,19.60,19.94

1652,19.60,20.12

1653,19.60,20.28

1654,19.60,20.43

1655,20.60,20.60

1656,20.60,20.77

1657,20.60,20.93

1658,20.60,21.10

1659,20.60,21.27

1660,20.60,21.45

1661,21.50,21.66

1662,21.50,21.86

1663,21.50,22.09

1664,21.50,22.33

1665,21.50,22.56

1666,21.50,22.79

1667,22.80,22.98

1668,22.80,23.15

1669,22.80,23.30

1670,22.80,23.47

1671,22.80,23.58

1672,22.80,23.65

1673,22.80,23.71

1674,23.40,23.75

1675,23.40,23.76

1676,23.40,23.76

1677,23.40,23.76

1678,23.40,23.76

1679,23.40,23.70

1680,23.50,23.66

1681,23.50,23.60

1682,23.50,23.54

1683,23.50,23.46

1684,23.50,23.37

1685,23.50,23.34

1686,23.30,23.28

1687,23.30,23.23

1688,23.30,23.20

1689,23.30,23.16

1690,23.30,23.09

1691,23.30,23.05

1692,23.00,23.01

1693,23.00,22.94

1694,23.00,22.90

1695,23.00,22.79

1696,23.00,22.75

1697,23.00,22.68

1698,22.80,22.61

1699,22.80,22.54

1700,22.80,22.47

1701,22.80,22.42

1702,22.80,22.35

1703,22.80,22.32

1704,22.50,22.27

1705,22.50,22.25

1706,22.50,22.19

1707,22.50,22.14

1708,22.50,22.09

1709,22.50,22.07

1710,22.50,22.03

1711,22.30,22.01

1712,22.30,21.99

1713,22.30,21.99

1714,22.30,21.98

1715,22.30,21.99

1716,22.30,21.96

1717,22.10,21.93

1718,22.10,21.90

1719,22.10,21.86

1720,22.10,21.86

1721,22.10,21.84

1722,22.10,21.83

1723,21.90,21.83

1724,21.90,21.79

1725,21.90,21.73

1726,21.90,21.71

1727,21.90,21.71

1728,21.90,21.68

1729,21.70,21.68

1730,21.70,21.68

1731,21.70,21.66

1732,21.70,21.65

1733,21.70,21.58

1734,21.70,21.60

1735,21.60,21.57

1736,21.60,21.57

1737,21.60,21.53

1738,21.60,21.53

1739,21.60,21.53

1740,21.60,21.52

1741,21.40,21.50

1742,21.40,21.47

1743,21.40,21.47

1744,21.40,21.47

1745,21.40,21.46

1746,21.40,21.46

1747,21.40,21.48

1748,21.30,21.48

1749,21.30,21.50

1750,21.30,21.51

1751,21.30,21.49

1752,21.30,21.48

1753,21.30,21.46

1754,21.20,21.42

1755,21.20,21.44

1756,21.20,21.43

1757,21.20,21.42

1758,21.20,21.41

1759,21.20,21.38

1760,21.20,21.34

1761,21.20,21.33

1762,21.20,21.33

1763,21.20,21.35

1764,21.20,21.36

1765,21.20,21.33

1766,21.10,21.35

1767,21.10,21.35

1768,21.10,21.33

1769,21.10,21.31

1770,21.10,21.29

1771,21.10,21.29

1772,21.00,21.27

1773,21.00,21.25

1774,21.00,21.23

1775,21.00,21.24

1776,21.00,21.21

1777,21.00,21.21

1778,20.90,21.20

1779,20.90,21.21

1780,20.90,21.19

1781,20.90,21.15

1782,20.90,21.16

1783,20.90,21.15

1784,20.90,21.13

1785,20.90,21.08

1786,20.90,21.03

1787,20.90,20.97

1788,20.90,20.92

1789,20.90,20.84

1790,20.90,20.74

1791,20.60,20.64

1792,20.60,20.53

1793,20.60,20.41

1794,20.60,20.27

1795,20.60,20.16

1796,20.60,20.02

1797,19.90,19.84

1798,19.90,19.66

1799,19.90,19.51

1800,19.90,19.39

1801,19.90,19.27

1802,19.90,19.13

1803,19.40,19.01

1804,19.40,18.93

1805,19.40,18.81

1806,19.40,18.72

1807,19.40,18.65

1808,19.40,18.60

1809,18.80,18.50

1810,18.80,18.43

1811,18.80,18.38

1812,18.80,18.31

1813,18.80,18.24

1814,18.80,18.16

1815,18.50,18.08

1816,18.50,18.02

1817,18.50,17.96

1818,18.50,17.89

1819,18.50,17.82

1820,18.50,17.74

1821,18.50,17.61

1822,18.00,17.51

1823,18.00,17.42

1824,18.00,17.33

1825,18.00,17.24

1826,18.00,17.15

1827,18.00,17.08

1828,17.50,17.02

1829,17.50,16.98

1830,17.50,16.92

1831,17.50,16.90

1832,17.50,16.88

1833,17.50,16.86

1834,17.40,16.84

1835,17.40,16.82

1836,17.40,16.80

1837,17.40,16.77

1838,17.40,16.74

1839,17.40,16.71

1840,17.10,16.68

1841,17.10,16.65

1842,17.10,16.63

1843,17.10,16.60

1844,17.10,16.59

1845,17.10,16.59

1846,17.10,16.62

1847,17.10,16.66

1848,17.10,16.71

1849,17.10,16.80

1850,17.10,16.87

1851,17.10,16.95

1852,17.40,17.03

1853,17.40,17.11

1854,17.40,17.18

1855,17.40,17.25

1856,17.40,17.29

1857,17.40,17.32

1858,17.40,17.33

1859,17.60,17.34

1860,17.60,17.34

1861,17.60,17.36

1862,17.60,17.38

